id,comment,score,url,post_score
1,i always like this style of painting do you mind telling a bit of how you approach it all i can think of is squinting to see blocks of,6,https://i.redd.it/oepshg8cjp241.jpg,7100
2,i used to live there miss this view,1,https://i.redd.it/jyecn9tnbm241.jpg,24
3,well make sure to close it anyway,1,https://i.redd.it/u8rst4t98m241.jpg,26
4,that thing is so much fun the only time training was more fun was when we got to play capture the flag with sim rounds because they had to,1,https://i.redd.it/wlnyx8vfwl241.jpg,56
5,i see a lot of atoms in that picture gonna need a banana atom for scale,1,https://i.redd.it/sbsm742oyj241.jpg,241
6,i used to live there miss this view,1,https://i.redd.it/6m0bx6txvl241.jpg,1100
7,you need to advertise your art to metal bands if you don't already i would buy the hell out of this for a black metal album,1,https://i.imgur.com/wMXTMMk.jpg,18
8,you idiot don't let this happen if left unchecked they combine to form buntron,1,https://i.redd.it/wieyset4hh241.jpg,16
9,looks like the old simcity,2,https://i.redd.it/ac55vak4fh241.jpg,18
10,i thought they changed it to rainbow colours,1,https://i.redd.it/oblvazpwch241.jpg,27
11,you gave me anxiety already,1,https://i.redd.it/q66ma8ap3h241.png,19
12,no onion flame,1,https://imgur.com/nZnb5UH.jpg,214
13,oh it's beautiful,1,https://i.redd.it/xlx50vjqsg241.jpg,105
14,you need to try tying together two california kings into a california kong,1,https://i.imgur.com/CCOUA6e.jpg,38
15,oh the smell,1,https://i.redd.it/5dv92fxa2g241.jpg,23
16,looks like the highway to heaven,2,https://imgur.com/11OXOuS.jpg,27
17,you need to advertise your art to metal bands if you don't already i would buy the hell out of this for a black metal album,1,https://i.redd.it/dszg8vbmee241.jpg,83
18,looks like a badass tattoo,2,https://i.redd.it/yexz81acmf241.jpg,63
19,i will be there for the first time weds,1,https://i.redd.it/me3cw8mh1f241.jpg,90
20,i lived nearby such a gorgeous place to live,1,https://i.redd.it/0795p54kv9241.jpg,434
21,looks like a muy authentic experience you're having,2,https://i.redd.it/57mf5tx4we241.jpg,92
22,i demand to see the horse,1,https://i.imgur.com/3tQKLko.jpg,64
23,i will be there for the first time weds,2,https://i.redd.it/gr9rvuxczc241.jpg,205
24,i will be there for the first time weds,2,https://i.redd.it/xpnptqe60c241.jpg,365
25,looks like a painting it's beautiful bravo good shot,2,https://imgur.com/QixkOsJ.jpg,292
26,i see this volcano from my bedroom and balcony,2,https://i.redd.it/k2sf4ce9xb241.jpg,817
27,the site of so many aliens,6,https://i.redd.it/3mac1r50ze241.jpg,26000
28,you gave me anxiety already,1,https://i.imgur.com/J7mDKXU.jpg,87
29,i will be there for the first time weds,2,https://i.redd.it/xroy6qqxq3141.jpg,879
30,looks like the highway to heaven,1,https://i.redd.it/mcq1j8xfl1141.jpg,996
31,i will be there for the first time weds,2,https://i.redd.it/ok2j1esjw2141.jpg,4700
32,looks like the old simcity,19,https://i.redd.it/m8keltgd81141.jpg,8800
33,i see you saw a seesaw,2,https://i.redd.it/qrr48pygb0141.jpg,1200
34,i love that part of new mexico during the monsoon season,-6,https://i.redd.it/ysyumtajjz041.jpg,3600
35,looks like something is going down if you look halfway up avenue next to the four green fans on his left foot,1,https://i.redd.it/q40i0o40wx041.jpg,87
36,i absolutely love this,2,https://i.redd.it/5n7yreqt7x041.jpg,68
37,looks like the old simcity,1,https://i.redd.it/zejgh1eimv041.jpg,138
38,i see the mt rainier photoshop subreddit is getting along fine,0,https://i.redd.it/4mzw3vul6x041.jpg,74
39,i thought they changed it to rainbow colours,1,https://imgur.com/F0SaAhB.jpg,82
40,i am both intrigued and insulted,1,https://i.imgur.com/CGtYUvc.jpg,139
41,looks like a poster pic from detective pikachu,1,https://i.redd.it/etp51okwpw041.jpg,225
42,my stepmother would tell me to jump,1,https://i.redd.it/y3v9zily4x041.jpg,253
43,this is beautiful,1,https://i.redd.it/vmcku5g3dx041.jpg,261